番号,1019,
名前,福龍,
呼び名,福龍,
CSTR,英語名,Fukuryu
CSTR,英語呼び名,Fukuryu

フラグ,価格,1000
フラグ,血縁コード,11
フラグ,続柄,1
フラグ,兄弟,1

基礎,体力,2200
基礎,気力,2000
素質,性別,1
素質,童貞,
素質,大人しい,
素質,保守的,
素質,一線越えない,
素質,貞操観念,
素質,痛みに強い,
素質,汚臭敏感,
素質,回復早い,
素質,戦士,
素質,酒豪,
{
CSTR,相性,
紅刃*200/
椿*150/
}

CSTR,0,【福龍（香港功夫大旋風）】
CSTR,1,ボルテ学園高等部に通う男の子。椿という双子の妹がいる。
CSTR,2,寡黙な少年だが妹と同じく曲がったことを嫌う。
CSTR,3,妹の尻に敷かれている節がある。
CSTR,4,また紅刃のことを気にかけているらしいのでそれらを巧みに利用しよう。

;服装
CSTR,上半身上着,胴衣
CSTR,下半身上着,下衣
CSTR,下半身下着,ボクサーパンツ
CSTR,足元,靴下
フラグ,上着パイズリ,5

CSTR,種族,人間

CSTR,登場作品,SOUND VOLTEX

CSTR,キャラデザ,蒼弐/アオニサイ
