番号,4,
名前,神崎 士朗,
呼び名,士朗,

フラグ,価格,2000

基礎,体力,2200
基礎,気力,1800
能力,技巧,2
能力,Ｃ感覚,1
能力,サドっ気,1
経験,射精経験,20
経験,性交経験,10
素質,性別,1
素質,恋心,9,;エリカ
素質,反抗的,
素質,気丈,
素質,無関心,
素質,衝動的,
素質,プライド高い,
素質,生意気,
素質,痛みに弱い,
素質,習得早い,
素質,戦士,
素質,音ゲーマー,
相性,9,200,;エリカ
相性,14,150,;エレキ
相性,27,120,;紗矢
相性,28,50,;弦士

CSTR,0,【神崎士朗（SHI-LOW）】,
CSTR,1,銀髪のポニーテールで、アメリカ人と日本人のハーフ。現状のIIDXシリーズでは主人公の立ち位置にいる。
CSTR,2,生真面目かつ頑固だが、リーダーシップがあり仲間からも信頼されている。弟のエレキとは現在同居しており、当人はまともな料理が作れないため、度々エリカやジルチに料理を作ってもらっている。
CSTR,3,実家が代々続く武家であり、士朗はそれを拒否して家出をしたが、弟エレキの仲介で現在は考えを改めている。
CSTR,4,当然、父親である弦士とは犬猿の仲である。

;服装
;軽装
CSTR,特殊,髪留め
CSTR,上半身上着,シャツ
CSTR,下半身上着,ズボン
CSTR,全身上着,
CSTR,上半身下着,
CSTR,下半身下着,トランクス
CSTR,足元,靴下

CSTR,種族,人間
