番号,7710,
名前,グリム・ミュー,
呼び名,ミュー,
CSTR,英語名,Grim Myu
CSTR,英語呼び名,Myu

フラグ,価格,10000
フラグ,誕生日,0607

基礎,体力,1800
基礎,気力,1400
能力,魔法技能,1
経験,詠唱経験,20
素質,性別,2
素質,バストサイズ,2
素質,処女,
素質,プライド低い,
素質,ハイテンション,
素質,好奇心,
素質,目立ちたがり,
素質,解放,
素質,恥薄い,
素質,痛みに弱い,
素質,習得遅い,
素質,快感に素直,
素質,中毒しやすい,
素質,小柄体型,
素質,暑さに弱い,
素質,幼稚,

CSTR,0,【グリム・ミュー（クイズマジックアカデミー）】
CSTR,1,ミューによく似た少女。瘴気発生事件を調べる暁の賢者たちの前に立ちはだかる。
CSTR,2,理性的で大人しいミューとは違い、こちらは見た目相応に幼稚でお転婆。オリジナルより陥落は容易である。

;服装
CSTR,特殊,髪飾り
CSTR,上半身上着,制服
CSTR,全身上着,スク水
フラグ,着衣併用,2

CSTR,種族,不明

フラグ,グリム,1

CSTR,登場作品,クイズマジックアカデミー

CSTR,キャラデザ,

フラグ,倫理観,30
