番号,7502,
名前,クララ,
呼び名,クララ,
CSTR,英語名,Clala
CSTR,英語呼び名,Clala

フラグ,価格,1000
フラグ,誕生日,0606

基礎,体力,1600
基礎,気力,1500
能力,従順,1
経験,絶頂経験,10
経験,自慰経験,20
能力,魔法技能,1
経験,詠唱経験,50
素質,性別,2
素質,バストサイズ,2
素質,処女,
素質,大人しい,
素質,保守的,
素質,貞操観念,
素質,恥じらい,
素質,汚臭敏感,
素質,魅力,
素質,Ａ敏感,
{
CSTR,相性,
カイル*120/
マロン*125/
}

CSTR,0,【クララ（クイズマジックアカデミー）】
CSTR,1,眼鏡をかけた三つ編みおさげの所謂文系少女。
CSTR,2,存在感があまりないのを気にしている。
CSTR,3,内向的な性格で、あまり自己主張はしない。
CSTR,4,胸の大きさ：Ｂ６５

CSTR,特殊,眼鏡
CSTR,上半身上着,第一アカデミー制服
CSTR,下半身上着,スカート
CSTR,上半身下着,スポーツブラ
CSTR,下半身下着,パンティ
CSTR,足元,靴下
フラグ,挿入可,1
フラグ,下着パイズリ,4

CSTR,種族,人間

CSTR,登場作品,クイズマジックアカデミー

CSTR,キャラデザ,

