番号,7527,
名前,リディア,
呼び名,リディア,

フラグ,価格,10000
フラグ,誕生日,0430
CSTR,英語名,Lidya
CSTR,英語呼び名,Lidya

基礎,体力,2000
基礎,気力,1300
能力,Ｃ感覚,2
能力,Ｖ感覚,1
能力,マゾっ気,1
能力,サドっ気,3
能力,料理技能,3
能力,魔法技能,4
経験,Ｖ経験,40
経験,絶頂経験,20
経験,性交経験,40
経験,膣射経験,5
経験,精液経験,30
経験,レズ経験,50
経験,嗜虐快楽経験,30
経験,自慰経験,50
経験,フェラ経験,60
経験,料理経験,300
経験,実務経験,100
経験,詠唱経験,300
素質,性別,2
素質,バストサイズ,3
素質,保守的,
素質,一線越えない,
素質,濡れやすい,
素質,サド,
素質,魔法使い,
素質,子供好き,
{
CSTR,相性,
メディア*110/
マロン*110/
エリーザ*120/
アメリア*120/
}
{
CSTR,性経験,
モブ経験人数/4/
モブ経験回数/40/
モブ中出され回数/5/
}

CSTR,0,【リディア（クイズマジックアカデミー）】
CSTR,1,エルフ族の女性。担当科目はライフスタイル。
CSTR,2,料理が得意で人当たりも良い生徒にも慕われる先生であるが、時折容赦ない台詞も浴びせる事も。
CSTR,3,4歳で賢者になる最速記録を打ち立てた過去もある超天才でもある。
CSTR,4,しかしどこか抜けた点も見受けられ、フランシスの渾身のギャグも彼女には届かない。
CSTR,5,胸のサイズ：Ｅ６３

CSTR,下半身上着,パレオ
CSTR,上半身下着,チューブトップ
CSTR,下半身下着,パンティ
フラグ,挿入可,1
フラグ,下着パイズリ,4

;種族エルフは精霊で統一
CSTR,種族,精霊

CSTR,登場作品,クイズマジックアカデミー

CSTR,キャラデザ,
