番号,7922,
名前,天稲荷 コテツ,
呼び名,コテツ,
CSTR,英語名,Amainari Kotetsu
CSTR,英語呼び名,Kotetsu

フラグ,価格,10000

基礎,体力,2000
基礎,気力,1800
;基準→最低でも1400、1600あっても2000超えと比べればかなりバテやすい印象になる

能力,歌唱技能,1
能力,舞踊技能,1
経験,絶頂経験,10
経験,性交経験,1
経験,膣射経験,1
経験,精液経験,1
経験,自慰経験,40
経験,歌唱経験,50
経験,ダンス経験,50
素質,性別,2
素質,バストサイズ,2
素質,気丈,
素質,プライド高い,
素質,冷静,
素質,保守的,
素質,一線越えない,
素質,抑圧,
素質,倒錯的,
素質,男嫌い,
素質,妖狐,
素質,謎の魅力,
素質,統率,
素質,動物耳,

{
CSTR,相性,
知雲 ひばり*200/
伊賀崎ノ 楠子*200/
}

{
CSTR,性経験,
モブ経験人数/1/
モブ経験回数/1/
モブ中出され回数/1/
}

CSTR,0,【天稲荷 コテツ（エキセントリックコンコン）】
CSTR,1,江戸時代に活躍していた狐娘アイドル。訳あって現世に蘇った。
CSTR,2,高飛車のじゃろり口調ながら、持ち前のカリスマでオタク達を統べている。
CSTR,3,表向きには気丈かつ冷静、性行為について保守的な考え方を見せつつも、その一方で抑圧している欲求を持て余している節がある。
CSTR,4,統率力、カリスマ性は確かなものであり、人の上に立たせる事をさせれば確実な成果を生んでくれるだろう。
CSTR,5,過去の経験からパリピ男にはトラウマめいた嫌悪を持っている。危害を加えてくる男調教者には近いものを感じてしまうかもしれない。
CSTR,6,また人間という分類にはなっているものの、狐耳が生えており妖狐の素質を持ち合わせている。
CSTR,7,同じく江戸から蘇った知雲ひばり、伊賀崎ノ楠子の二人は、蘇る以前から共にオタク冷遇の時代と戦ってきた間柄。

;服装
CSTR,特殊,髪飾り
CSTR,上半身上着,巫女服
CSTR,下半身上着,フリルスカート
CSTR,全身上着,スクール水着
CSTR,足元,サイハイソックス
フラグ,挿入可,1
フラグ,着衣併用,1
フラグ,上着パイズリ,5

CSTR,種族,人間
CSTR,登場作品,CHUNITHM
CSTR,キャラデザ,ぽよよん ろっく