番号,2817
名前,イチ朗
呼び名,イチ朗
CSTR,英語名,Ichirou
CSTR,英語呼び名,Ichirou

フラグ,価格,1900

基礎,体力,2000
基礎,気力,1900
能力,医療技能,2
経験,医療経験,30
CSTR,恋心,サチ子
素質,性別,1
素質,童貞
素質,素直
素質,自制心
素質,貞操観念
素質,弱味
素質,戦士
{
CSTR,相性,
サチ子*250/
}
CSTR,担当曲,赤い鈴|

;本当に影絵な訳ではないと思う
CSTR,0,(COLOR:red:【イチ朗（赤い鈴）】)
CSTR,1,(COLOR:red:跳ねた前髪をしたごく普通の男性に見える。)
CSTR,2,(COLOR:red:サチ子と恋人関係にあるが婚前交渉はしていないようだ。)
CSTR,3,(COLOR:red:人並み以上には堅い心を持つが、サチ子の名前を出せばその抵抗は弱まるだろう。)

CSTR,上半身上着,シャツ
CSTR,下半身上着,ズボン
CSTR,上半身下着,インナーシャツ
CSTR,下半身下着,トランクス
フラグ,下着パイズリ,5

CSTR,種族,人間
CSTR,登場作品,GUITARFREAKS&drummania
CSTR,キャラデザ,あまもん。
