番号,1861
名前,愛子
呼び名,愛子
CSTR,英語名,Aiko
CSTR,英語呼び名,Aiko
 
フラグ,価格,1500
フラグ,誕生日,831
 
基礎,体力,1700
基礎,気力,1700
経験,自慰経験,10
経験,歌唱経験,50
経験,演奏経験,50
経験,ダンス経験,50
能力,歌唱技能,1
能力,演奏技能,1
能力,舞踊技能,1
CSTR,恋心,不明
素質,性別,2
素質,バストサイズ,2
素質,処女
素質,素直
素質,気丈
素質,好奇心
素質,貞操観念
素質,濡れやすい
素質,習得早い
素質,自慰しやすい
素質,Ｃ敏感
素質,読書家,
{
CSTR,相性,
花緒*120/
}
 
CSTR,0,【愛子（愛と誠）】
CSTR,1,大正時代の銀座に暮らすお嬢様。知性と品行を重んじており、自らの素養を高める勤勉な大和撫子。
CSTR,2,箱入り娘なのか若干浮世離れしている様子。彼女のロマン主義はお見合い結婚よりも自由な恋愛を望んでいるようだ。
 
;服装
CSTR,特殊,リボン
CSTR,全身上着,着物ドレス
CSTR,上半身下着,インナーシャツ
CSTR,下半身下着,パンティ
CSTR,足元,ソックス
フラグ,挿入可,1
 
CSTR,種族,人間
CSTR,登場作品,pop'n music
CSTR,キャラデザ,ちひろ/ちっひ
 
